 	Task	Responder	sender_entity	sender_name	recipient	block	tool_type	tool	content
 	LLM-Agent	Entity.USER	Entity.USER	LLM-Agent		None			can you make a new note called landonDeez and have it contain a made up list of the best things about landon
 	LLM-Agent	Entity.USER	Entity.USER	Entity.USER		None			[CANNOT RESPOND]
 	LLM-Agent	Entity.AGENT	Entity.USER			None			
*	LLM-Agent	Entity.LLM	Entity.LLM			None	FUNC	note_operation	FUNC: { "name": "note_operation", "arguments": { "operation": "new", "title": "l... knack for solving complex problems with ease and creativity.\n5. Landon is" } }
*	LLM-Agent	Entity.AGENT	Entity.AGENT	LLM-Agent		None			FUNC: Note created: landonDeez.md I've created a new note titled 'landonDeez' in the vault.
 	LLM-Agent	Entity.USER	Entity.USER	Entity.USER		None			[CANNOT RESPOND]
 	LLM-Agent	Entity.AGENT	Entity.AGENT	Entity.AGENT		None			[CANNOT RESPOND]
*	LLM-Agent	Entity.LLM	Entity.LLM			None			I've created a new note titled "landonDeez" with a list of the best things about Landon. If you need to add more accolades or make changes, just let me know!
 	LLM-Agent	Entity.USER	Entity.USER	Entity.USER		None			[CANNOT RESPOND]
 	LLM-Agent	Entity.AGENT	Entity.USER			None			
 	LLM-Agent	Entity.LLM	Entity.LLM	Entity.LLM		None			[CANNOT RESPOND]
*	LLM-Agent	Entity.LLM	Entity.LLM			None			I've created a new note titled "landonDeez" with a list of the best things about Landon. If you need to add more accolades or make changes, just let me know!
 	LLM-Agent	Entity.USER	Entity.USER	Entity.USER		None			[CANNOT RESPOND]
 	LLM-Agent	Entity.AGENT	Entity.USER			None			
 	LLM-Agent	Entity.LLM	Entity.LLM	Entity.LLM		None			[CANNOT RESPOND]
*	LLM-Agent	Entity.LLM	Entity.LLM			None			I've created a new note titled "landonDeez" with a list of the best things about Landon. If you need to add more accolades or make changes, just let me know!
 	LLM-Agent	Entity.USER	Entity.USER	Entity.USER		None			[CANNOT RESPOND]
 	LLM-Agent	Entity.AGENT	Entity.USER			None			
 	LLM-Agent	Entity.LLM	Entity.LLM	Entity.LLM		None			[CANNOT RESPOND]
*	LLM-Agent	Entity.LLM	Entity.LLM			None			I've created a new note titled "landonDeez" with a list of the best things about Landon. If you need to add more accolades or make changes, just let me know!
 	LLM-Agent	Entity.USER	Entity.USER	Entity.USER		None			[CANNOT RESPOND]
 	LLM-Agent	Entity.AGENT	Entity.USER			None			
 	LLM-Agent	Entity.LLM	Entity.LLM	Entity.LLM		None			[CANNOT RESPOND]
*	LLM-Agent	Entity.LLM	Entity.LLM			None			I've created a new note titled "landonDeez" with a list of the best things about Landon. If you need to add more accolades or make changes, just let me know!
 	LLM-Agent	Entity.USER	Entity.USER	Entity.USER		None			[CANNOT RESPOND]
 	LLM-Agent	Entity.AGENT	Entity.USER			None			
 	LLM-Agent	Entity.LLM	Entity.LLM	Entity.LLM		None			[CANNOT RESPOND]
*	LLM-Agent	Entity.LLM	Entity.LLM			None			I've created a new note titled "landonDeez" with a list of the best things about Landon. If you need to add more accolades or make changes, just let me know!
